week,film,novel,Book 1: film,Book 1: novel,Book 2: film,Book 2: novel,Book 3: film,Book 3: novel,Book 4: film,Book 4: novel,Book 5: film,Book 5: novel,Book 6: film,Book 6: novel,Book 7: film pt1,Book 7:film pt2,Book 7: novel
2012-07-08,29,1600,20.25,50,29.7931034483,98.2413793103,28.8275862069,18.7878787879,49.7777777778,23.9032258065,42.1379310345,24.6774193548,59.5161290323,29.6129032258,187.0416666667,170.6666666667,115.2173913043
2012-07-15,26,1560,20.25,50.8620689655,32.275862069,80.3793103448,29.5862068966,21.2121212121,47.4074074074,23.2903225806,34.9655172414,23.7096774194,52.9032258065,29.0322580645,192.625,165.3333333333,117.5217391304
2012-07-22,30,1560,19.125,54.3103448276,33.9310344828,85.4827586207,31.1034482759,20,49.7777777778,23.9032258065,43.0344827586,27.5806451613,52.9032258065,31.935483871,189.8333333333,165.3333333333,112.9130434783
2012-07-29,26,1600,20.25,64.6551724138,28.1379310345,98.2413793103,28.0689655172,24.2424242424,49.7777777778,31.8709677419,40.3448275862,30.9677419355,51.5806451613,36,217.75,165.3333333333,115.2173913043
2012-08-05,26,1480,19.125,62.0689655172,27.3103448276,91.8620689655,28.0689655172,25.4545454545,49.7777777778,28.1935483871,38.5517241379,30.4838709677,54.2258064516,38.9032258065,203.7916666667,154.6666666667,112.9130434783
2012-08-12,29,1640,20.25,52.5862068966,28.1379310345,81.6551724138,27.3103448276,23.6363636364,54.5185185185,30.6451612903,47.5172413793,36.2903225806,59.5161290323,40.6451612903,223.3333333333,165.3333333333,122.1304347826
2012-08-19,26,1520,19.125,51.724137931,28.1379310345,66.3448275862,27.3103448276,17.5757575758,42.6666666667,23.9032258065,41.2413793103,33.8709677419,50.2580645161,36,192.625,162.6666666667,108.3043478261
2012-08-26,26,1520,19.125,45.6896551724,26.4827586207,61.2413793103,26.5517241379,16.9696969697,39.1111111111,20.8387096774,32.275862069,26.6129032258,55.5483870968,45.2903225806,209.375,160,110.6086956522
2012-09-02,24,1520,19.125,35.3448275862,29.7931034483,59.9655172414,25.0344827586,18.7878787879,40.2962962963,17.1612903226,29.5862068966,24.1935483871,48.935483871,28.4516129032,173.0833333333,144,101.3913043478
2012-09-09,20,1360,16.875,34.4827586207,22.3448275862,49.7586206897,22.7586206897,13.9393939394,35.5555555556,15.3225806452,27.7931034483,19.8387096774,41,22.064516129,145.1666666667,117.3333333333,92.1739130435
2012-09-16,22,1360,16.875,34.4827586207,23.1724137931,52.3103448276,24.275862069,13.3333333333,32,15.3225806452,26,16.935483871,38.3548387097,21.4838709677,128.4166666667,120,94.4782608696
2012-09-23,21,1360,16.875,31.0344827586,24.8275862069,48.4827586207,22,12.7272727273,35.5555555556,17.7741935484,26,17.9032258065,38.3548387097,17.4193548387,125.625,109.3333333333,85.2608695652
2012-09-30,22,1360,16.875,37.0689655172,25.6551724138,45.9310344828,21.2413793103,13.3333333333,33.1851851852,15.935483871,25.1034482759,16.4516129032,34.3870967742,19.1612903226,120.0416666667,117.3333333333,87.5652173913
2012-10-07,22,1320,18,35.3448275862,22.3448275862,44.6551724138,21.2413793103,13.3333333333,30.8148148148,16.5483870968,26.8965517241,16.935483871,37.0322580645,22.6451612903,125.625,109.3333333333,85.2608695652
2012-10-14,28,1480,20.25,37.0689655172,24,53.5862068966,25.0344827586,14.5454545455,37.9259259259,17.7741935484,35.8620689655,17.9032258065,51.5806451613,24.3870967742,131.2083333333,125.3333333333,92.1739130435
2012-10-21,24,1440,18,39.6551724138,24.8275862069,48.4827586207,25.0344827586,15.1515151515,36.7407407407,19,26.8965517241,19.8387096774,41,20.9032258065,136.7916666667,122.6666666667,96.7826086957
2012-10-28,23,1480,21.375,40.5172413793,25.6551724138,74,24.275862069,18.7878787879,42.6666666667,22.6774193548,32.275862069,23.2258064516,42.3225806452,25.5483870968,142.375,122.6666666667,99.0869565217
2012-11-04,23,1360,18,43.1034482759,29.7931034483,63.7931034483,25.7931034483,16.3636363636,39.1111111111,18.3870967742,31.3793103448,22.7419354839,43.6451612903,27.2903225806,139.5833333333,114.6666666667,87.5652173913
2012-11-11,25,1440,20.25,35.3448275862,31.4482758621,58.6896551724,30.3448275862,17.5757575758,49.7777777778,23.9032258065,40.3448275862,22.2580645161,48.935483871,30.1935483871,142.375,133.3333333333,99.0869565217
2012-11-18,26,1440,20.25,40.5172413793,28.1379310345,47.2068965517,30.3448275862,15.7575757576,47.4074074074,25.7419354839,43.0344827586,22.2580645161,51.5806451613,27.2903225806,156.3333333333,146.6666666667,103.6956521739
2012-11-25,28,1480,20.25,41.3793103448,27.3103448276,59.9655172414,27.3103448276,16.9696969697,43.8518518519,24.5161290323,37.6551724138,29.0322580645,56.8709677419,30.1935483871,161.9166666667,168,119.8260869565
2012-12-02,21,1360,19.125,35.3448275862,24.8275862069,49.7586206897,24.275862069,16.3636363636,36.7407407407,17.7741935484,30.4827586207,21.7741935484,43.6451612903,23.8064516129,139.5833333333,120,96.7826086957
2012-12-09,32,1440,20.25,36.2068965517,25.6551724138,53.5862068966,26.5517241379,16.9696969697,39.1111111111,19.6129032258,27.7931034483,23.2258064516,43.6451612903,28.4516129032,147.9583333333,128,99.0869565217
2012-12-16,27,1440,20.25,37.0689655172,26.4827586207,57.4137931034,28.0689655172,17.5757575758,39.1111111111,21.4516129032,32.275862069,20.8064516129,43.6451612903,25.5483870968,147.9583333333,128,99.0869565217
2012-12-23,40,1880,27,43.9655172414,37.2413793103,72.724137931,33.3793103448,22.4242424242,58.0740740741,22.064516129,43.0344827586,25.1612903226,66.1290322581,36,206.5833333333,205.3333333333,145.1739130435
2012-12-30,47,1840,27,44.8275862069,38.0689655172,67.6206896552,40.9655172414,21.8181818182,68.7407407407,24.5161290323,51.1034482759,28.064516129,76.7096774194,31.3548387097,220.5416666667,192,124.4347826087
2013-01-06,28,1440,19.125,34.4827586207,28.1379310345,51.0344827586,27.3103448276,15.7575757576,43.8518518519,18.3870967742,31.3793103448,21.7741935484,48.935483871,22.6451612903,150.75,128,106
2013-01-13,26,1440,18,31.8965517241,24,47.2068965517,25.0344827586,14.5454545455,39.1111111111,17.7741935484,29.5862068966,20.8064516129,42.3225806452,18.5806451613,131.2083333333,117.3333333333,99.0869565217
2013-01-20,30,1400,19.125,36.2068965517,26.4827586207,51.0344827586,25.7931034483,15.1515151515,39.1111111111,17.7741935484,31.3793103448,19.3548387097,39.6774193548,21.4838709677,134,112,89.8695652174
2013-01-27,21,1320,16.875,36.2068965517,24,54.8620689655,22,15.7575757576,37.9259259259,19.6129032258,31.3793103448,19.3548387097,38.3548387097,22.6451612903,139.5833333333,106.6666666667,82.9565217391
2013-02-03,23,1320,16.875,34.4827586207,25.6551724138,49.7586206897,25.0344827586,14.5454545455,36.7407407407,17.1612903226,27.7931034483,20.3225806452,37.0322580645,20.3225806452,122.8333333333,106.6666666667,80.652173913
2013-02-10,25,1320,16.875,32.7586206897,29.7931034483,49.7586206897,22,13.9393939394,35.5555555556,15.3225806452,28.6896551724,16.935483871,37.0322580645,19.1612903226,125.625,101.3333333333,85.2608695652
2013-02-17,25,1320,19.125,32.7586206897,28.9655172414,48.4827586207,25.0344827586,15.1515151515,40.2962962963,16.5483870968,27.7931034483,17.4193548387,41,18,134,128,89.8695652174
2013-02-24,25,1360,21.375,32.7586206897,29.7931034483,47.2068965517,25.7931034483,13.9393939394,35.5555555556,15.3225806452,27.7931034483,16.935483871,43.6451612903,17.4193548387,120.0416666667,130.6666666667,92.1739130435
2013-03-03,23,1320,20.25,33.6206896552,34.7586206897,42.1034482759,27.3103448276,13.9393939394,39.1111111111,15.935483871,26.8965517241,17.9032258065,43.6451612903,16.2580645161,114.4583333333,112,85.2608695652
2013-03-10,23,1280,18,39.6551724138,33.1034482759,43.3793103448,33.3793103448,14.5454545455,42.6666666667,17.1612903226,30.4827586207,19.3548387097,46.2903225806,18.5806451613,111.6666666667,104,78.347826087
2013-03-17,24,1280,18,37.0689655172,28.1379310345,61.2413793103,30.3448275862,15.1515151515,47.4074074074,18.3870967742,34.0689655172,20.8064516129,42.3225806452,22.064516129,108.875,101.3333333333,87.5652173913
2013-03-24,27,1560,22.5,41.3793103448,35.5862068966,53.5862068966,31.8620689655,18.1818181818,55.7037037037,19.6129032258,36.7586206897,20.8064516129,56.8709677419,24.9677419355,139.5833333333,122.6666666667,96.7826086957
2013-03-31,30,1640,23.625,36.2068965517,32.275862069,52.3103448276,33.3793103448,15.7575757576,53.3333333333,19,42.1379310345,20.3225806452,80.6774193548,26.7096774194,164.7083333333,136,101.3913043478
2013-04-07,22,1320,20.25,32.7586206897,26.4827586207,43.3793103448,25.7931034483,14.5454545455,37.9259259259,16.5483870968,30.4827586207,18.3870967742,46.2903225806,16.8387096774,128.4166666667,106.6666666667,87.5652173913
2013-04-14,21,1240,18,36.2068965517,24,45.9310344828,23.5172413793,14.5454545455,34.3703703704,16.5483870968,26.8965517241,17.4193548387,39.6774193548,18.5806451613,114.4583333333,98.6666666667,80.652173913
2013-04-21,21,1240,18,35.3448275862,25.6551724138,44.6551724138,25.0344827586,14.5454545455,36.7407407407,17.1612903226,28.6896551724,19.3548387097,38.3548387097,16.2580645161,117.25,98.6666666667,82.9565217391
2013-04-28,21,1240,19.125,35.3448275862,28.1379310345,44.6551724138,26.5517241379,13.9393939394,36.7407407407,16.5483870968,29.5862068966,20.8064516129,38.3548387097,17.4193548387,114.4583333333,96,87.5652173913
2013-05-05,21,1240,19.125,34.4827586207,27.3103448276,42.1034482759,25.0344827586,13.9393939394,36.7407407407,17.7741935484,30.4827586207,20.3225806452,38.3548387097,15.6774193548,103.2916666667,98.6666666667,80.652173913
2013-05-12,25,1280,20.25,34.4827586207,26.4827586207,44.6551724138,25.0344827586,13.3333333333,40.2962962963,17.7741935484,30.4827586207,16.935483871,46.2903225806,18,128.4166666667,128,92.1739130435
2013-05-19,25,1320,22.5,34.4827586207,38.0689655172,49.7586206897,25.0344827586,15.1515151515,40.2962962963,19,29.5862068966,18.8709677419,42.3225806452,19.1612903226,142.375,162.6666666667,108.3043478261
2013-05-26,24,1280,20.25,33.6206896552,33.1034482759,44.6551724138,29.5862068966,15.1515151515,40.2962962963,18.3870967742,34.0689655172,21.7741935484,44.9677419355,19.1612903226,120.0416666667,122.6666666667,89.8695652174
2013-06-02,27,1280,20.25,39.6551724138,31.4482758621,51.0344827586,26.5517241379,15.7575757576,41.4814814815,17.1612903226,32.275862069,17.9032258065,54.2258064516,20.9032258065,134,122.6666666667,87.5652173913
2013-06-09,26,1320,21.375,38.7931034483,34.7586206897,54.8620689655,27.3103448276,17.5757575758,43.8518518519,19.6129032258,34.9655172414,20.3225806452,48.935483871,20.9032258065,150.75,136,89.8695652174
2013-06-16,27,1280,22.5,41.3793103448,33.1034482759,61.2413793103,29.5862068966,16.9696969697,47.4074074074,19.6129032258,36.7586206897,19.3548387097,50.2580645161,21.4838709677,150.75,125.3333333333,89.8695652174
2013-06-23,24,1320,22.5,37.9310344828,33.1034482759,57.4137931034,30.3448275862,18.1818181818,47.4074074074,19.6129032258,36.7586206897,23.2258064516,51.5806451613,23.2258064516,159.125,133.3333333333,89.8695652174
2013-06-30,28,1360,23.625,38.7931034483,35.5862068966,54.8620689655,34.1379310345,20,49.7777777778,19.6129032258,38.5517241379,21.2903225806,50.2580645161,23.2258064516,145.1666666667,130.6666666667,92.1739130435
2013-07-07,29,1400,24.75,43.1034482759,38.0689655172,61.2413793103,37.1724137931,23.0303030303,54.5185185185,22.064516129,43.9310344828,25.1612903226,52.9032258065,25.5483870968,159.125,130.6666666667,92.1739130435
2013-07-14,29,1520,25.875,41.3793103448,41.3793103448,63.7931034483,39.4482758621,22.4242424242,61.6296296296,25.7419354839,42.1379310345,23.2258064516,62.1612903226,25.5483870968,156.3333333333,138.6666666667,94.4782608696
2013-07-21,31,1560,27,38.7931034483,43.0344827586,62.5172413793,46.275862069,23.0303030303,65.1851851852,24.5161290323,45.724137931,26.6129032258,67.4516129032,29.0322580645,159.125,149.3333333333,103.6956521739
2013-07-28,39,1800,29.25,41.3793103448,41.3793103448,72.724137931,46.275862069,24.8484848485,67.5555555556,25.7419354839,55.5862068966,32.4193548387,87.2903225806,31.3548387097,203.7916666667,197.3333333333,129.0434782609
2013-08-04,32,1600,25.875,37.0689655172,35.5862068966,56.1379310345,37.9310344828,26.6666666667,78.2222222222,31.8709677419,47.5172413793,23.7096774194,66.1290322581,30.1935483871,167.5,149.3333333333,108.3043478261
2013-08-11,31,1640,27,49.1379310345,38.0689655172,71.4482758621,36.4137931034,26.6666666667,61.6296296296,53.3225806452,62.7586206897,41.1290322581,79.3548387097,41.8064516129,195.4166666667,149.3333333333,108.3043478261
2013-08-18,30,1560,25.875,43.1034482759,38.0689655172,70.1724137931,35.6551724138,22.4242424242,53.3333333333,30.6451612903,46.6206896552,48.3870967742,84.6451612903,51.0967741935,201,152,115.2173913043
2013-08-25,28,1480,24.75,39.6551724138,37.2413793103,58.6896551724,33.3793103448,20,58.0740740741,22.064516129,42.1379310345,28.064516129,63.4838709677,33.6774193548,178.6666666667,149.3333333333,106
2013-09-01,30,1520,23.625,33.6206896552,32.275862069,45.9310344828,30.3448275862,17.5757575758,50.962962963,22.064516129,39.4482758621,22.7419354839,54.2258064516,25.5483870968,147.9583333333,125.3333333333,92.1739130435
2013-09-08,43,1960,22.5,32.7586206897,31.4482758621,45.9310344828,27.3103448276,15.7575757576,41.4814814815,20.8387096774,34.0689655172,22.2580645161,58.1935483871,21.4838709677,153.5416666667,138.6666666667,99.0869565217
2013-09-15,31,1400,22.5,36.2068965517,30.6206896552,42.1034482759,29.5862068966,15.1515151515,40.2962962963,16.5483870968,34.0689655172,19.8387096774,41,18.5806451613,128.4166666667,106.6666666667,85.2608695652
2013-09-22,24,1240,21.375,31.0344827586,28.9655172414,40.8275862069,26.5517241379,13.9393939394,36.7407407407,15.935483871,29.5862068966,16.935483871,39.6774193548,15.6774193548,128.4166666667,101.3333333333,80.652173913
2013-09-29,26,1320,22.5,31.0344827586,30.6206896552,42.1034482759,28.0689655172,14.5454545455,37.9259259259,17.7741935484,30.4827586207,18.3870967742,44.9677419355,17.4193548387,125.625,133.3333333333,92.1739130435
2013-10-06,23,1280,22.5,31.8965517241,43.0344827586,45.9310344828,34.8965517241,15.1515151515,41.4814814815,19,37.6551724138,16.935483871,44.9677419355,17.4193548387,111.6666666667,109.3333333333,80.652173913
2013-10-13,23,1360,23.625,34.4827586207,36.4137931034,47.2068965517,40.2068965517,15.7575757576,41.4814814815,19,41.2413793103,21.7741935484,51.5806451613,19.7419354839,111.6666666667,112,78.347826087
2013-10-20,25,1360,23.625,32.7586206897,33.9310344828,45.9310344828,32.6206896552,15.1515151515,52.1481481481,20.8387096774,39.4482758621,19.3548387097,58.1935483871,41.2258064516,117.25,122.6666666667,89.8695652174
2013-10-27,28,1640,29.25,36.2068965517,38.0689655172,48.4827586207,31.8620689655,17.5757575758,54.5185185185,21.4516129032,48.4137931034,23.7096774194,68.7741935484,29.6129032258,167.5,168,131.347826087
2013-11-03,23,1400,28.125,38.7931034483,37.2413793103,52.3103448276,33.3793103448,16.9696969697,47.4074074074,19.6129032258,46.6206896552,22.2580645161,67.4516129032,26.1290322581,139.5833333333,160,119.8260869565
2013-11-10,22,1320,24.75,37.9310344828,37.2413793103,47.2068965517,34.1379310345,16.9696969697,49.7777777778,25.7419354839,36.7586206897,23.2258064516,58.1935483871,23.8064516129,128.4166666667,146.6666666667,99.0869565217
2013-11-17,24,1480,27,35.3448275862,36.4137931034,48.4827586207,34.1379310345,17.5757575758,54.5185185185,21.4516129032,42.1379310345,20.8064516129,54.2258064516,18.5806451613,125.625,152,110.6086956522
2013-11-24,35,1600,28.125,46.5517241379,38.0689655172,58.6896551724,35.6551724138,17.5757575758,56.8888888889,22.064516129,55.5862068966,26.1290322581,68.7741935484,21.4838709677,161.9166666667,157.3333333333,110.6086956522
2013-12-01,29,1520,25.875,38.7931034483,41.3793103448,57.4137931034,33.3793103448,16.9696969697,50.962962963,20.8387096774,45.724137931,23.2258064516,54.2258064516,23.2258064516,139.5833333333,144,103.6956521739
2013-12-08,29,1480,25.875,40.5172413793,38.8965517241,56.1379310345,38.6896551724,18.1818181818,49.7777777778,20.8387096774,39.4482758621,25.1612903226,52.9032258065,22.6451612903,150.75,141.3333333333,106
2013-12-15,31,1520,25.875,37.9310344828,37.2413793103,49.7586206897,37.9310344828,19.3939393939,71.1111111111,25.1290322581,54.6896551724,28.064516129,51.5806451613,20.9032258065,139.5833333333,144,99.0869565217
2013-12-22,48,1880,37.125,48.275862069,52.1379310345,68.8965517241,50.0689655172,24.8484848485,73.4814814815,26.3548387097,62.7586206897,32.4193548387,108.4516129032,36,237.2916666667,205.3333333333,135.9565217391
2013-12-29,59,2040,40.5,60.3448275862,57.1034482759,82.9310344828,56.1379310345,26.6666666667,82.962962963,28.1935483871,66.3448275862,34.8387096774,95.2258064516,34.2580645161,245.6666666667,250.6666666667,161.3043478261
2014-01-05,32,1480,28.125,51.724137931,38.8965517241,61.2413793103,41.724137931,20.6060606061,56.8888888889,23.9032258065,46.6206896552,25.6451612903,60.8387096774,24.9677419355,153.5416666667,136,99.0869565217
2014-01-12,28,1360,24.75,50,30.6206896552,66.3448275862,31.1034482759,18.1818181818,56.8888888889,20.8387096774,36.7586206897,23.7096774194,48.935483871,23.2258064516,136.7916666667,106.6666666667,87.5652173913
2014-01-19,29,1480,24.75,44.8275862069,33.1034482759,70.1724137931,31.1034482759,20,56.8888888889,22.6774193548,40.3448275862,24.1935483871,47.6129032258,23.8064516129,136.7916666667,114.6666666667,92.1739130435
2014-01-26,32,1480,28.125,47.4137931034,40.5517241379,75.275862069,36.4137931034,26.6666666667,55.7037037037,21.4516129032,43.0344827586,24.6774193548,51.5806451613,24.3870967742,153.5416666667,122.6666666667,96.7826086957
2014-02-02,28,1480,24.75,43.9655172414,33.9310344828,63.7931034483,37.1724137931,24.8484848485,59.2592592593,21.4516129032,37.6551724138,21.7741935484,46.2903225806,22.6451612903,142.375,104,85.2608695652
2014-02-09,25,1320,23.625,41.3793103448,31.4482758621,56.1379310345,31.8620689655,16.9696969697,69.9259259259,21.4516129032,43.0344827586,19.8387096774,46.2903225806,22.064516129,131.2083333333,90.6666666667,76.0434782609
2014-02-16,25,1320,22.5,35.3448275862,32.275862069,49.7586206897,28.0689655172,16.9696969697,58.0740740741,18.3870967742,39.4482758621,18.3870967742,47.6129032258,23.2258064516,111.6666666667,93.3333333333,76.0434782609
2014-02-23,24,1320,22.5,35.3448275862,29.7931034483,48.4827586207,26.5517241379,16.9696969697,48.5925925926,18.3870967742,38.5517241379,17.9032258065,55.5483870968,20.3225806452,114.4583333333,96,76.0434782609
2014-03-02,35,1520,27,37.9310344828,30.6206896552,54.8620689655,35.6551724138,17.5757575758,53.3333333333,18.3870967742,43.0344827586,20.3225806452,60.8387096774,23.2258064516,145.1666666667,117.3333333333,92.1739130435
2014-03-09,24,1360,22.5,36.2068965517,29.7931034483,47.2068965517,30.3448275862,16.3636363636,52.1481481481,19.6129032258,34.9655172414,20.8064516129,43.6451612903,26.7096774194,134,120,85.2608695652
2014-03-16,23,1280,22.5,33.6206896552,28.1379310345,47.2068965517,28.0689655172,17.5757575758,49.7777777778,18.3870967742,35.8620689655,17.4193548387,42.3225806452,22.6451612903,111.6666666667,98.6666666667,73.7391304348
2014-03-23,27,1320,22.5,34.4827586207,32.275862069,44.6551724138,29.5862068966,15.7575757576,47.4074074074,19.6129032258,37.6551724138,20.3225806452,44.9677419355,20.3225806452,106.0833333333,96,73.7391304348
2014-03-30,31,1400,24.75,33.6206896552,34.7586206897,47.2068965517,32.6206896552,16.9696969697,50.962962963,20.2258064516,43.9310344828,22.2580645161,54.2258064516,21.4838709677,120.0416666667,117.3333333333,89.8695652174
2014-04-06,24,1280,22.5,32.7586206897,33.9310344828,48.4827586207,28.8275862069,16.3636363636,43.8518518519,17.7741935484,36.7586206897,20.3225806452,48.935483871,21.4838709677,111.6666666667,114.6666666667,82.9565217391
2014-04-13,29,1440,25.875,37.9310344828,35.5862068966,54.8620689655,34.8965517241,19.3939393939,53.3333333333,22.6774193548,40.3448275862,21.2903225806,46.2903225806,19.1612903226,134,117.3333333333,89.8695652174
2014-04-20,33,1560,28.125,41.3793103448,37.2413793103,61.2413793103,42.4827586207,22.4242424242,58.0740740741,23.2903225806,47.5172413793,25.1612903226,55.5483870968,23.2258064516,142.375,117.3333333333,87.5652173913
2014-04-27,50,1800,33.75,46.5517241379,36.4137931034,66.3448275862,39.4482758621,21.8181818182,71.1111111111,24.5161290323,50.2068965517,27.0967741935,75.3870967742,28.4516129032,178.6666666667,258.6666666667,152.0869565217
2014-05-04,34,1520,27,43.1034482759,32.275862069,57.4137931034,31.8620689655,18.1818181818,65.1851851852,25.1290322581,39.4482758621,23.7096774194,55.5483870968,24.3870967742,139.5833333333,186.6666666667,115.2173913043
2014-05-11,32,1520,25.875,39.6551724138,30.6206896552,51.0344827586,31.8620689655,18.7878787879,50.962962963,20.8387096774,45.724137931,26.1290322581,51.5806451613,23.8064516129,128.4166666667,144,96.7826086957
2014-05-18,30,1440,25.875,39.6551724138,32.275862069,56.1379310345,33.3793103448,19.3939393939,47.4074074074,19,37.6551724138,21.7741935484,46.2903225806,21.4838709677,136.7916666667,149.3333333333,103.6956521739
2014-05-25,28,1480,25.875,45.6896551724,33.1034482759,52.3103448276,34.8965517241,20.6060606061,50.962962963,20.8387096774,46.6206896552,23.7096774194,50.2580645161,20.3225806452,120.0416666667,128,92.1739130435
2014-06-01,25,1400,27,43.9655172414,33.1034482759,61.2413793103,30.3448275862,20.6060606061,48.5925925926,22.064516129,41.2413793103,23.7096774194,47.6129032258,23.8064516129,111.6666666667,109.3333333333,80.652173913
2014-06-08,24,1360,25.875,43.9655172414,28.9655172414,68.8965517241,29.5862068966,21.2121212121,47.4074074074,20.2258064516,43.0344827586,22.7419354839,50.2580645161,20.3225806452,114.4583333333,104,89.8695652174
2014-06-15,25,1360,24.75,38.7931034483,32.275862069,61.2413793103,30.3448275862,20.6060606061,49.7777777778,22.064516129,41.2413793103,21.7741935484,50.2580645161,24.3870967742,114.4583333333,109.3333333333,82.9565217391
2014-06-22,27,1400,28.125,41.3793103448,32.275862069,58.6896551724,31.8620689655,23.6363636364,48.5925925926,22.6774193548,41.2413793103,23.2258064516,55.5483870968,24.3870967742,122.8333333333,117.3333333333,94.4782608696
2014-06-29,29,1440,29.25,41.3793103448,35.5862068966,58.6896551724,31.8620689655,23.0303030303,53.3333333333,23.9032258065,43.0344827586,26.1290322581,48.935483871,24.9677419355,131.2083333333,114.6666666667,92.1739130435
2014-07-06,41,2480,32.625,49.1379310345,40.5517241379,70.1724137931,41.724137931,23.6363636364,66.3703703704,29.4193548387,53.7931034483,27.5806451613,63.4838709677,29.0322580645,156.3333333333,144,117.5217391304
2014-07-13,42,2040,30.375,43.9655172414,43.0344827586,71.4482758621,38.6896551724,24.8484848485,66.3703703704,27.5806451613,60.9655172414,28.5483870968,74.064516129,29.6129032258,159.125,149.3333333333,124.4347826087
2014-07-20,35,1640,29.25,51.724137931,40.5517241379,62.5172413793,35.6551724138,23.0303030303,60.4444444444,25.1290322581,53.7931034483,28.064516129,62.1612903226,27.8709677419,139.5833333333,138.6666666667,112.9130434783
2014-07-27,33,1680,29.25,43.9655172414,38.8965517241,63.7931034483,37.9310344828,23.0303030303,58.0740740741,24.5161290323,50.2068965517,26.1290322581,60.8387096774,29.0322580645,125.625,125.3333333333,99.0869565217
2014-08-03,32,1600,31.5,41.3793103448,35.5862068966,63.7931034483,35.6551724138,23.0303030303,60.4444444444,24.5161290323,47.5172413793,24.1935483871,64.8064516129,32.5161290323,125.625,120,101.3913043478
2014-08-10,33,1560,29.25,42.2413793103,34.7586206897,63.7931034483,33.3793103448,21.2121212121,59.2592592593,24.5161290323,46.6206896552,25.1612903226,66.1290322581,28.4516129032,125.625,117.3333333333,96.7826086957
2014-08-17,28,1520,28.125,39.6551724138,37.2413793103,62.5172413793,33.3793103448,20,53.3333333333,21.4516129032,40.3448275862,21.7741935484,59.5161290323,24.3870967742,131.2083333333,109.3333333333,96.7826086957
2014-08-24,27,1520,30.375,42.2413793103,33.9310344828,53.5862068966,31.1034482759,21.8181818182,71.1111111111,22.6774193548,43.9310344828,23.2258064516,55.5483870968,24.9677419355,125.625,106.6666666667,103.6956521739
2014-08-31,35,1520,29.25,40.5172413793,33.9310344828,48.4827586207,28.8275862069,20,52.1481481481,19.6129032258,39.4482758621,22.7419354839,56.8709677419,22.6451612903,139.5833333333,205.3333333333,129.0434782609
2014-09-07,26,1360,27,38.7931034483,30.6206896552,48.4827586207,27.3103448276,17.5757575758,42.6666666667,18.3870967742,35.8620689655,20.3225806452,44.9677419355,19.7419354839,103.2916666667,133.3333333333,94.4782608696
2014-09-14,26,1400,28.125,38.7931034483,33.1034482759,49.7586206897,31.1034482759,19.3939393939,45.037037037,18.3870967742,43.9310344828,18.8709677419,48.935483871,20.3225806452,97.7083333333,128,92.1739130435
2014-09-21,26,1480,28.125,41.3793103448,30.6206896552,58.6896551724,28.8275862069,18.7878787879,49.7777777778,20.2258064516,46.6206896552,22.7419354839,56.8709677419,23.2258064516,103.2916666667,128,96.7826086957
2014-09-28,28,1480,27,40.5172413793,33.1034482759,62.5172413793,27.3103448276,18.1818181818,43.8518518519,19,41.2413793103,20.8064516129,52.9032258065,20.9032258065,117.25,130.6666666667,106
2014-10-05,27,1600,29.25,41.3793103448,35.5862068966,62.5172413793,29.5862068966,20.6060606061,47.4074074074,23.2903225806,39.4482758621,22.7419354839,44.9677419355,20.3225806452,97.7083333333,98.6666666667,94.4782608696
2014-10-12,39,1840,29.25,42.2413793103,39.724137931,72.724137931,33.3793103448,26.0606060606,53.3333333333,25.1290322581,43.0344827586,27.5806451613,55.5483870968,23.2258064516,103.2916666667,93.3333333333,96.7826086957
2014-10-19,33,1760,30.375,40.5172413793,34.7586206897,57.4137931034,28.8275862069,22.4242424242,50.962962963,23.9032258065,36.7586206897,22.7419354839,46.2903225806,22.6451612903,128.4166666667,109.3333333333,122.1304347826
2014-10-26,30,1960,32.625,38.7931034483,38.8965517241,56.1379310345,32.6206896552,21.8181818182,56.8888888889,25.1290322581,38.5517241379,23.7096774194,50.2580645161,22.064516129,106.0833333333,90.6666666667,112.9130434783
2014-11-02,24,1520,28.125,40.5172413793,33.9310344828,58.6896551724,30.3448275862,18.1818181818,43.8518518519,20.2258064516,41.2413793103,18.8709677419,44.9677419355,22.064516129,92.125,90.6666666667,89.8695652174
2014-11-09,25,1440,24.75,40.5172413793,32.275862069,52.3103448276,25.7931034483,18.7878787879,43.8518518519,20.8387096774,34.0689655172,17.4193548387,43.6451612903,19.7419354839,92.125,93.3333333333,85.2608695652
2014-11-16,25,1400,23.625,38.7931034483,33.1034482759,54.8620689655,27.3103448276,19.3939393939,41.4814814815,21.4516129032,37.6551724138,17.9032258065,39.6774193548,20.9032258065,92.125,88,87.5652173913
2014-11-23,28,1440,25.875,38.7931034483,33.9310344828,48.4827586207,29.5862068966,18.1818181818,40.2962962963,18.3870967742,35.8620689655,20.8064516129,42.3225806452,21.4838709677,94.9166666667,93.3333333333,82.9565217391
2014-11-30,31,1480,27,41.3793103448,39.724137931,51.0344827586,30.3448275862,19.3939393939,43.8518518519,22.064516129,37.6551724138,19.8387096774,50.2580645161,22.6451612903,97.7083333333,93.3333333333,89.8695652174
2014-12-07,33,1640,31.5,43.1034482759,47.1724137931,59.9655172414,48.5517241379,23.0303030303,59.2592592593,25.7419354839,46.6206896552,22.2580645161,59.5161290323,24.3870967742,108.875,117.3333333333,108.3043478261
2014-12-14,32,1680,31.5,43.9655172414,48,59.9655172414,45.5172413793,23.6363636364,68.7407407407,28.8064516129,76.2068965517,28.064516129,84.6451612903,29.0322580645,114.4583333333,130.6666666667,112.9130434783
2014-12-21,48,2160,43.875,58.6206896552,70.3448275862,79.1034482759,55.3793103448,27.8787878788,84.1481481481,33.0967741935,78,41.1290322581,104.4838709677,40.064516129,192.625,205.3333333333,172.8260869565
2014-12-28,65,2400,48.375,62.9310344828,73.6551724138,84.2068965517,66,32.1212121212,114.962962963,38.6129032258,86.9655172414,41.6129032258,121.6774193548,38.9032258065,279.1666666667,266.6666666667,200.4782608696
2015-01-04,38,1720,36,51.724137931,48.8275862069,68.8965517241,45.5172413793,27.2727272727,80.5925925926,28.1935483871,64.5517241379,30.9677419355,84.6451612903,34.2580645161,142.375,141.3333333333,124.4347826087
2015-01-11,30,1520,28.125,40.5172413793,35.5862068966,53.5862068966,32.6206896552,22.4242424242,58.0740740741,25.1290322581,44.8275862069,23.2258064516,56.8709677419,22.6451612903,108.875,101.3333333333,101.3913043478
2015-01-18,28,1480,28.125,43.1034482759,34.7586206897,56.1379310345,31.1034482759,21.2121212121,47.4074074074,20.8387096774,40.3448275862,23.7096774194,54.2258064516,22.6451612903,97.7083333333,96,94.4782608696
2015-01-25,27,1440,27,41.3793103448,35.5862068966,53.5862068966,31.8620689655,20.6060606061,50.962962963,23.2903225806,39.4482758621,22.2580645161,48.935483871,20.9032258065,92.125,85.3333333333,92.1739130435
2015-02-01,27,1400,25.875,41.3793103448,33.1034482759,57.4137931034,31.8620689655,21.8181818182,48.5925925926,22.064516129,41.2413793103,22.7419354839,44.9677419355,20.9032258065,94.9166666667,80,85.2608695652
2015-02-08,26,1440,24.75,39.6551724138,35.5862068966,49.7586206897,30.3448275862,20.6060606061,50.962962963,21.4516129032,37.6551724138,20.8064516129,47.6129032258,20.9032258065,89.3333333333,80,82.9565217391
2015-02-15,31,1480,24.75,37.0689655172,38.0689655172,61.2413793103,34.1379310345,18.7878787879,49.7777777778,20.8387096774,46.6206896552,21.7741935484,50.2580645161,22.6451612903,100.5,88,89.8695652174
2015-02-22,27,1360,23.625,36.2068965517,33.9310344828,51.0344827586,28.0689655172,20,46.2222222222,20.2258064516,38.5517241379,21.2903225806,48.935483871,18.5806451613,83.75,80,78.347826087
2015-03-01,25,1440,22.5,34.4827586207,29.7931034483,52.3103448276,28.8275862069,19.3939393939,46.2222222222,20.2258064516,35.8620689655,19.8387096774,43.6451612903,18,83.75,69.3333333333,76.0434782609
2015-03-08,25,1400,22.5,35.3448275862,31.4482758621,49.7586206897,28.0689655172,20.6060606061,42.6666666667,18.3870967742,34.9655172414,18.3870967742,44.9677419355,19.7419354839,80.9583333333,74.6666666667,80.652173913
2015-03-15,25,1360,21.375,32.7586206897,30.6206896552,49.7586206897,27.3103448276,20,42.6666666667,21.4516129032,33.1724137931,20.3225806452,42.3225806452,18.5806451613,75.375,69.3333333333,73.7391304348
2015-03-22,29,1480,25.875,35.3448275862,36.4137931034,48.4827586207,30.3448275862,20,48.5925925926,19,41.2413793103,22.7419354839,50.2580645161,19.1612903226,89.3333333333,85.3333333333,82.9565217391
2015-03-29,29,1640,28.125,43.1034482759,39.724137931,54.8620689655,35.6551724138,20.6060606061,48.5925925926,20.8387096774,37.6551724138,21.7741935484,50.2580645161,20.9032258065,100.5,104,96.7826086957
2015-04-05,27,1520,25.875,37.9310344828,31.4482758621,47.2068965517,28.8275862069,20.6060606061,49.7777777778,22.064516129,40.3448275862,19.8387096774,47.6129032258,19.1612903226,86.5416666667,85.3333333333,80.652173913
2015-04-12,23,1320,22.5,31.8965517241,28.1379310345,45.9310344828,23.5172413793,17.5757575758,45.037037037,19,35.8620689655,19.3548387097,38.3548387097,17.4193548387,75.375,66.6666666667,78.347826087
2015-04-19,22,1320,23.625,37.0689655172,31.4482758621,48.4827586207,25.7931034483,20,40.2962962963,19,35.8620689655,21.7741935484,39.6774193548,19.1612903226,75.375,72,80.652173913
2015-04-26,22,1400,25.875,38.7931034483,32.275862069,48.4827586207,27.3103448276,19.3939393939,46.2222222222,20.8387096774,34.0689655172,19.3548387097,42.3225806452,18.5806451613,86.5416666667,80,92.1739130435
2015-05-03,24,1360,22.5,31.8965517241,33.1034482759,47.2068965517,23.5172413793,18.1818181818,39.1111111111,19,34.0689655172,19.3548387097,42.3225806452,17.4193548387,80.9583333333,72,78.347826087
2015-05-10,24,1320,24.75,38.7931034483,31.4482758621,47.2068965517,25.0344827586,18.1818181818,41.4814814815,18.3870967742,32.275862069,18.3870967742,38.3548387097,17.4193548387,78.1666666667,72,82.9565217391
2015-05-17,29,1440,28.125,46.5517241379,42.2068965517,56.1379310345,28.0689655172,21.2121212121,45.037037037,20.2258064516,30.4827586207,21.2903225806,42.3225806452,20.3225806452,83.75,80,82.9565217391
2015-05-24,32,1520,28.125,43.1034482759,48,85.4827586207,37.9310344828,24.8484848485,46.2222222222,23.2903225806,37.6551724138,22.2580645161,48.935483871,22.6451612903,89.3333333333,88,87.5652173913
2015-05-31,37,1680,28.125,43.9655172414,40.5517241379,62.5172413793,38.6896551724,32.1212121212,62.8148148148,28.1935483871,41.2413793103,27.5806451613,67.4516129032,27.8709677419,117.25,106.6666666667,99.0869565217
2015-06-07,34,1640,29.25,43.9655172414,38.0689655172,59.9655172414,39.4482758621,28.4848484848,58.0740740741,55.1612903226,43.9310344828,28.5483870968,64.8064516129,25.5483870968,114.4583333333,104,92.1739130435
2015-06-14,32,1560,31.5,43.1034482759,38.0689655172,59.9655172414,31.1034482759,24.2424242424,62.8148148148,31.2580645161,41.2413793103,28.5483870968,59.5161290323,29.0322580645,108.875,98.6666666667,96.7826086957
2015-06-21,31,1560,30.375,46.5517241379,37.2413793103,61.2413793103,31.1034482759,25.4545454545,55.7037037037,27.5806451613,46.6206896552,27.0967741935,55.5483870968,26.7096774194,114.4583333333,96,99.0869565217
2015-06-28,33,1600,30.375,46.5517241379,38.8965517241,62.5172413793,34.8965517241,25.4545454545,54.5185185185,25.1290322581,44.8275862069,23.7096774194,63.4838709677,25.5483870968,120.0416666667,117.3333333333,99.0869565217
2015-07-05,34,1640,33.75,58.6206896552,42.2068965517,74,36.4137931034,29.0909090909,59.2592592593,25.7419354839,45.724137931,25.1612903226,60.8387096774,25.5483870968,125.625,114.6666666667,96.7826086957
2015-07-12,41,1880,39.375,58.6206896552,50.4827586207,104.6206896552,35.6551724138,39.3939393939,72.2962962963,30.0322580645,50.2068965517,28.5483870968,70.0967741935,30.7741935484,131.2083333333,128,112.9130434783
2015-07-19,54,2040,38.25,56.8965517241,65.3793103448,96.9655172414,43.2413793103,60.6060606061,81.7777777778,35.5483870968,60.9655172414,31.4516129032,78.0322580645,37.7419354839,147.9583333333,128,140.5652173913
2015-07-26,52,2160,37.125,55.1724137931,47.1724137931,77.8275862069,42.4827586207,47.8787878788,92.4444444444,44.7419354839,75.3103448276,36.2903225806,89.935483871,42.3870967742,150.75,138.6666666667,149.7826086957
2015-08-02,39,1800,32.625,56.0344827586,42.2068965517,77.8275862069,35.6551724138,33.9393939394,67.5555555556,31.2580645161,80.6896551724,38.2258064516,68.7741935484,47.0322580645,128.4166666667,112,122.1304347826
2015-08-09,38,1760,32.625,56.8965517241,41.3793103448,67.6206896552,34.8965517241,30.9090909091,58.0740740741,26.9677419355,62.7586206897,32.4193548387,75.3870967742,53.4193548387,131.2083333333,125.3333333333,119.8260869565
2015-08-16,42,1880,33.75,60.3448275862,42.2068965517,71.4482758621,38.6896551724,29.0909090909,59.2592592593,27.5806451613,58.275862069,27.0967741935,70.0967741935,41.8064516129,142.375,144,126.7391304348
2015-08-23,34,1800,33.75,56.0344827586,43.0344827586,70.1724137931,37.9310344828,29.0909090909,56.8888888889,26.9677419355,54.6896551724,27.5806451613,63.4838709677,30.7741935484,131.2083333333,138.6666666667,112.9130434783
2015-08-30,32,1800,32.625,47.4137931034,44.6896551724,63.7931034483,40.2068965517,24.8484848485,56.8888888889,26.3548387097,48.4137931034,25.1612903226,54.2258064516,27.8709677419,106.0833333333,106.6666666667,117.5217391304
2015-09-06,36,1760,33.75,48.275862069,40.5517241379,65.0689655172,37.9310344828,23.6363636364,59.2592592593,26.3548387097,51.1034482759,27.0967741935,62.1612903226,27.2903225806,100.5,96,106
2015-09-13,30,1600,29.25,45.6896551724,38.8965517241,54.8620689655,35.6551724138,21.8181818182,48.5925925926,22.6774193548,44.8275862069,24.1935483871,58.1935483871,26.1290322581,97.7083333333,90.6666666667,101.3913043478
2015-09-20,32,1600,28.125,43.9655172414,35.5862068966,56.1379310345,32.6206896552,21.2121212121,48.5925925926,23.2903225806,39.4482758621,22.7419354839,48.935483871,24.3870967742,89.3333333333,96,110.6086956522
2015-09-27,30,1720,28.125,42.2413793103,36.4137931034,51.0344827586,29.5862068966,20,42.6666666667,20.8387096774,38.5517241379,22.2580645161,47.6129032258,20.9032258065,80.9583333333,85.3333333333,85.2608695652
2015-10-04,30,1760,29.25,45.6896551724,37.2413793103,53.5862068966,31.1034482759,20,45.037037037,21.4516129032,40.3448275862,23.2258064516,48.935483871,20.9032258065,92.125,96,92.1739130435
2015-10-11,31,1680,27,51.724137931,42.2068965517,65.0689655172,34.1379310345,21.2121212121,47.4074074074,21.4516129032,39.4482758621,20.8064516129,48.935483871,20.3225806452,80.9583333333,85.3333333333,87.5652173913
2015-10-18,40,1920,29.25,46.5517241379,37.2413793103,67.6206896552,39.4482758621,23.0303030303,53.3333333333,25.7419354839,44.8275862069,24.6774193548,55.5483870968,23.8064516129,97.7083333333,93.3333333333,101.3913043478
2015-10-25,40,2160,30.375,44.8275862069,38.0689655172,63.7931034483,39.4482758621,26.0606060606,61.6296296296,29.4193548387,44.8275862069,24.1935483871,54.2258064516,23.8064516129,92.125,93.3333333333,106
2015-11-01,35,1800,29.25,43.9655172414,37.2413793103,61.2413793103,37.9310344828,23.0303030303,53.3333333333,26.9677419355,52.8965517241,24.6774193548,52.9032258065,24.9677419355,92.125,88,92.1739130435
2015-11-08,37,1680,29.25,45.6896551724,37.2413793103,58.6896551724,33.3793103448,22.4242424242,41.4814814815,22.6774193548,49.3103448276,22.2580645161,59.5161290323,27.8709677419,103.2916666667,85.3333333333,94.4782608696
2015-11-15,34,1600,29.25,43.9655172414,38.0689655172,56.1379310345,34.1379310345,20,46.2222222222,23.9032258065,40.3448275862,23.2258064516,60.8387096774,29.6129032258,100.5,88,89.8695652174
2015-11-22,34,1680,29.25,44.8275862069,36.4137931034,53.5862068966,34.1379310345,23.0303030303,50.962962963,25.1290322581,41.2413793103,23.7096774194,52.9032258065,24.3870967742,97.7083333333,101.3333333333,94.4782608696
2015-11-29,30,1640,29.25,42.2413793103,33.9310344828,57.4137931034,33.3793103448,20.6060606061,47.4074074074,23.9032258065,39.4482758621,20.3225806452,48.935483871,21.4838709677,89.3333333333,80,89.8695652174
2015-12-06,32,1760,31.5,43.1034482759,36.4137931034,53.5862068966,32.6206896552,21.2121212121,48.5925925926,24.5161290323,42.1379310345,22.7419354839,51.5806451613,23.2258064516,92.125,80,92.1739130435
2015-12-13,39,1840,33.75,44.8275862069,38.0689655172,58.6896551724,35.6551724138,21.8181818182,49.7777777778,23.9032258065,43.0344827586,23.7096774194,51.5806451613,23.8064516129,92.125,88,89.8695652174
2015-12-20,57,2160,40.5,52.5862068966,49.6551724138,76.5517241379,47.0344827586,27.2727272727,64,28.8064516129,52,30.9677419355,68.7741935484,31.3548387097,117.25,109.3333333333,112.9130434783
2015-12-27,65,2360,45,56.8965517241,62.8965517241,76.5517241379,58.4137931034,32.7272727273,90.0740740741,34.3225806452,75.3103448276,36.7741935484,99.1935483871,39.4838709677,164.7083333333,154.6666666667,149.7826086957
2016-01-03,41,1880,37.125,48.275862069,45.5172413793,66.3448275862,43.2413793103,24.2424242424,68.7407407407,30.0322580645,54.6896551724,30.9677419355,64.8064516129,27.2903225806,111.6666666667,112,117.5217391304
2016-01-10,50,2720,47.25,55.1724137931,49.6551724138,70.1724137931,47.7931034483,24.8484848485,61.6296296296,26.9677419355,51.1034482759,29.0322580645,84.6451612903,31.3548387097,114.4583333333,149.3333333333,138.2608695652
2016-01-17,48,2200,51.75,54.3103448276,73.6551724138,77.8275862069,61.4482758621,30.303030303,82.962962963,32.4838709677,60.9655172414,31.935483871,87.2903225806,31.935483871,125.625,128,122.1304347826
2016-01-24,37,1840,36,48.275862069,46.3448275862,68.8965517241,47.7931034483,27.2727272727,61.6296296296,28.1935483871,51.1034482759,29.0322580645,66.1290322581,27.8709677419,111.6666666667,106.6666666667,106
2016-01-31,30,1800,32.625,40.5172413793,40.5517241379,62.5172413793,42.4827586207,23.6363636364,54.5185185185,24.5161290323,44.8275862069,25.1612903226,52.9032258065,24.9677419355,94.9166666667,90.6666666667,103.6956521739
2016-02-07,33,2240,31.5,43.1034482759,39.724137931,61.2413793103,34.8965517241,23.6363636364,52.1481481481,23.2903225806,45.724137931,24.6774193548,51.5806451613,26.1290322581,89.3333333333,88,106
2016-02-14,31,1840,28.125,41.3793103448,38.0689655172,59.9655172414,34.8965517241,21.8181818182,48.5925925926,23.2903225806,41.2413793103,24.6774193548,50.2580645161,24.9677419355,86.5416666667,85.3333333333,99.0869565217
2016-02-21,30,1680,28.125,43.1034482759,36.4137931034,62.5172413793,31.8620689655,21.2121212121,47.4074074074,22.6774193548,37.6551724138,23.2258064516,48.935483871,22.064516129,75.375,80,89.8695652174
2016-02-28,32,1760,25.875,43.9655172414,36.4137931034,53.5862068966,34.8965517241,21.2121212121,43.8518518519,24.5161290323,35.8620689655,19.8387096774,43.6451612903,19.1612903226,69.7916666667,69.3333333333,87.5652173913
2016-03-06,36,1720,27,43.9655172414,36.4137931034,59.9655172414,33.3793103448,20.6060606061,49.7777777778,25.1290322581,42.1379310345,24.1935483871,51.5806451613,21.4838709677,75.375,80,87.5652173913
2016-03-13,30,1560,27,41.3793103448,32.275862069,53.5862068966,31.8620689655,20,43.8518518519,22.064516129,36.7586206897,20.3225806452,38.3548387097,17.4193548387,69.7916666667,69.3333333333,80.652173913
2016-03-20,35,1680,29.25,43.1034482759,36.4137931034,62.5172413793,34.8965517241,21.2121212121,47.4074074074,23.9032258065,40.3448275862,22.7419354839,44.9677419355,20.9032258065,80.9583333333,74.6666666667,82.9565217391
2016-03-27,34,1720,29.25,43.1034482759,41.3793103448,61.2413793103,37.1724137931,20.6060606061,48.5925925926,23.9032258065,40.3448275862,22.2580645161,44.9677419355,22.064516129,78.1666666667,74.6666666667,85.2608695652
2016-04-03,33,1760,27,39.6551724138,37.2413793103,56.1379310345,32.6206896552,20,48.5925925926,23.9032258065,36.7586206897,19.8387096774,43.6451612903,20.9032258065,75.375,74.6666666667,85.2608695652
2016-04-10,38,1840,29.25,43.9655172414,37.2413793103,63.7931034483,32.6206896552,21.2121212121,46.2222222222,22.6774193548,40.3448275862,21.7741935484,46.2903225806,20.3225806452,78.1666666667,74.6666666667,82.9565217391
2016-04-17,34,1680,29.25,41.3793103448,37.2413793103,57.4137931034,33.3793103448,20.6060606061,45.037037037,21.4516129032,35.8620689655,21.2903225806,44.9677419355,20.9032258065,72.5833333333,69.3333333333,87.5652173913
2016-04-24,32,1680,28.125,42.2413793103,38.8965517241,56.1379310345,32.6206896552,20,43.8518518519,22.064516129,37.6551724138,21.7741935484,44.9677419355,21.4838709677,75.375,69.3333333333,87.5652173913
2016-05-01,34,1720,28.125,39.6551724138,38.0689655172,58.6896551724,36.4137931034,21.2121212121,47.4074074074,23.9032258065,39.4482758621,21.7741935484,43.6451612903,21.4838709677,72.5833333333,80,110.6086956522
2016-05-08,32,1680,27,42.2413793103,35.5862068966,56.1379310345,33.3793103448,19.3939393939,48.5925925926,23.9032258065,40.3448275862,22.7419354839,48.935483871,20.9032258065,72.5833333333,72,85.2608695652
2016-05-15,34,1680,28.125,42.2413793103,37.2413793103,62.5172413793,34.8965517241,20.6060606061,41.4814814815,22.6774193548,37.6551724138,20.8064516129,51.5806451613,21.4838709677,78.1666666667,77.3333333333,89.8695652174
2016-05-22,36,1680,29.25,43.1034482759,44.6896551724,71.4482758621,36.4137931034,21.2121212121,46.2222222222,22.6774193548,39.4482758621,24.6774193548,47.6129032258,20.3225806452,80.9583333333,77.3333333333,96.7826086957
2016-05-29,46,1960,31.5,54.3103448276,49.6551724138,76.5517241379,43.2413793103,23.6363636364,60.4444444444,28.1935483871,50.2068965517,44.0322580645,59.5161290323,27.8709677419,100.5,98.6666666667,99.0869565217
2016-06-05,43,1960,34.875,56.0344827586,39.724137931,98.2413793103,40.2068965517,29.696969697,56.8888888889,30.0322580645,46.6206896552,31.935483871,55.5483870968,58.064516129,86.5416666667,82.6666666667,103.6956521739
2016-06-12,37,1800,32.625,51.724137931,39.724137931,89.3103448276,37.1724137931,33.3333333333,49.7777777778,28.8064516129,45.724137931,28.064516129,48.935483871,36,86.5416666667,77.3333333333,110.6086956522
2016-06-19,38,1760,31.5,48.275862069,35.5862068966,71.4482758621,33.3793103448,29.696969697,53.3333333333,33.0967741935,45.724137931,30.4838709677,47.6129032258,33.0967741935,89.3333333333,77.3333333333,110.6086956522
2016-06-26,41,1960,33.75,53.4482758621,37.2413793103,67.6206896552,36.4137931034,27.2727272727,56.8888888889,31.2580645161,55.5862068966,31.935483871,50.2580645161,36,94.9166666667,80,103.6956521739
2016-07-03,43,2000,33.75,53.4482758621,41.3793103448,72.724137931,39.4482758621,27.8787878788,59.2592592593,28.1935483871,53.7931034483,29.0322580645,55.5483870968,44.1290322581,100.5,93.3333333333,101.3913043478
2016-07-10,42,1920,34.875,54.3103448276,42.2068965517,74,37.1724137931,27.2727272727,55.7037037037,25.7419354839,51.1034482759,27.5806451613,59.5161290323,36,114.4583333333,96,103.6956521739
2016-07-17,40,2000,36,56.0344827586,45.5172413793,75.275862069,37.9310344828,28.4848484848,54.5185185185,26.3548387097,49.3103448276,30,56.8709677419,30.1935483871,103.2916666667,117.3333333333,108.3043478261
2016-07-24,52,2440,37.125,53.4482758621,51.3103448276,74,45.5172413793,28.4848484848,64,28.8064516129,53.7931034483,29.5161290323,62.1612903226,27.2903225806,94.9166666667,104,112.9130434783
2016-07-31,73,4000,45,64.6551724138,60.4137931034,84.2068965517,53.1034482759,32.1212121212,79.4074074074,36.7741935484,64.5517241379,33.8709677419,83.3225806452,31.935483871,125.625,125.3333333333,168.2173913043
2016-08-07,48,2400,39.375,51.724137931,52.1379310345,68.8965517241,47.0344827586,30.303030303,67.5555555556,30.0322580645,52.8965517241,28.5483870968,71.4193548387,27.2903225806,103.2916666667,96,124.4347826087
2016-08-14,47,2440,39.375,52.5862068966,49.6551724138,70.1724137931,45.5172413793,28.4848484848,84.1481481481,30.0322580645,50.2068965517,29.5161290323,71.4193548387,26.1290322581,106.0833333333,98.6666666667,133.652173913
2016-08-21,50,2280,40.5,51.724137931,51.3103448276,70.1724137931,45.5172413793,30.9090909091,67.5555555556,28.8064516129,50.2068965517,30,76.7096774194,27.8709677419,108.875,98.6666666667,131.347826087
2016-08-28,54,2440,41.625,48.275862069,51.3103448276,66.3448275862,44.7586206897,28.4848484848,62.8148148148,28.1935483871,44.8275862069,27.5806451613,104.4838709677,26.7096774194,134,106.6666666667,156.6956521739
2016-09-04,47,2240,37.125,46.5517241379,45.5172413793,67.6206896552,42.4827586207,26.6666666667,61.6296296296,28.1935483871,46.6206896552,28.5483870968,70.0967741935,23.2258064516,117.25,96,133.652173913
2016-09-11,37,1920,32.625,41.3793103448,41.3793103448,65.0689655172,39.4482758621,23.0303030303,50.962962963,24.5161290323,40.3448275862,24.6774193548,54.2258064516,20.3225806452,80.9583333333,77.3333333333,101.3913043478
2016-09-18,36,2040,32.625,40.5172413793,41.3793103448,58.6896551724,39.4482758621,22.4242424242,50.962962963,23.9032258065,39.4482758621,22.7419354839,52.9032258065,19.1612903226,72.5833333333,72,96.7826086957
2016-09-25,35,2080,32.625,39.6551724138,42.2068965517,58.6896551724,35.6551724138,20.6060606061,49.7777777778,24.5161290323,40.3448275862,20.3225806452,51.5806451613,18.5806451613,69.7916666667,69.3333333333,89.8695652174
2016-10-02,42,2160,34.875,41.3793103448,46.3448275862,70.1724137931,38.6896551724,21.8181818182,50.962962963,24.5161290323,40.3448275862,22.2580645161,51.5806451613,19.7419354839,78.1666666667,74.6666666667,94.4782608696
2016-10-09,47,2440,42.75,48.275862069,57.1034482759,72.724137931,46.275862069,24.8484848485,55.7037037037,25.7419354839,44.8275862069,25.6451612903,58.1935483871,22.064516129,83.75,88,106
2016-10-16,54,2680,46.125,50.8620689655,62.8965517241,74,51.5862068966,27.2727272727,65.1851851852,28.1935483871,51.1034482759,25.6451612903,70.0967741935,22.6451612903,100.5,101.3333333333,124.4347826087
2016-10-23,55,2720,47.25,51.724137931,73.6551724138,80.3793103448,65.2413793103,34.5454545455,74.6666666667,30.6451612903,54.6896551724,26.6129032258,72.7419354839,27.2903225806,103.2916666667,101.3333333333,133.652173913
2016-10-30,57,2760,49.5,55.1724137931,65.3793103448,77.8275862069,66,33.9393939394,93.6296296296,36.1612903226,71.724137931,30.9677419355,82,30.7741935484,114.4583333333,112,138.2608695652
2016-11-06,61,2720,47.25,58.6206896552,62.8965517241,77.8275862069,55.3793103448,29.696969697,90.0740740741,31.2580645161,72.6206896552,29.0322580645,83.3225806452,33.0967741935,114.4583333333,117.3333333333,147.4782608696
2016-11-13,94,3400,59.625,72.4137931034,70.3448275862,93.1379310345,64.4827586207,36.3636363636,94.8148148148,39.2258064516,80.6896551724,34.8387096774,112.4193548387,44.1290322581,136.7916666667,157.3333333333,182.0434782609
2016-11-20,100,3680,63,86.2068965517,74.4827586207,100.7931034483,70.5517241379,42.4242424242,98.3703703704,44.7419354839,83.3793103448,39.6774193548,132.2580645161,43.5483870968,175.875,173.3333333333,230.4347826087
2016-11-27,72,3040,51.75,76.724137931,67.8620689655,118.6551724138,61.4482758621,40.6060606061,79.4074074074,44.7419354839,65.4482758621,37.7419354839,91.2580645161,36,139.5833333333,138.6666666667,188.9565217391
2016-12-04,62,2800,47.25,65.5172413793,57.9310344828,89.3103448276,54.6206896552,35.1515151515,69.9259259259,61.2903225806,58.275862069,34.3548387097,75.3870967742,32.5161290323,120.0416666667,128,163.6086956522
2016-12-11,51,2600,45,64.6551724138,52.1379310345,86.7586206897,49.3103448276,35.1515151515,65.1851851852,36.1612903226,51.1034482759,30.9677419355,68.7741935484,30.7741935484,100.5,104,152.0869565217
2016-12-18,55,2640,48.375,68.9655172414,52.9655172414,85.4827586207,48.5517241379,33.9393939394,71.1111111111,37.3870967742,52,34.8387096774,68.7741935484,31.935483871,100.5,98.6666666667,156.6956521739
2016-12-25,84,3360,58.5,72.4137931034,82.7586206897,127.5862068966,75.8620689655,48.4848484848,118.5185185185,53.935483871,89.6551724138,48.3870967742,124.3225806452,45.2903225806,170.2916666667,160,188.9565217391
2017-01-01,73,3040,54,70.6896551724,66.2068965517,99.5172413793,62.2068965517,50.9090909091,96,48.4193548387,78.8965517241,45.4838709677,103.1612903226,46.4516129032,159.125,162.6666666667,186.652173913
2017-01-08,48,2440,45,59.4827586207,49.6551724138,86.7586206897,49.3103448276,35.7575757576,69.9259259259,47.8064516129,57.3793103448,38.2258064516,78.0322580645,42.3870967742,108.875,120,142.8695652174
2017-01-15,45,2280,40.5,61.2068965517,45.5172413793,82.9310344828,41.724137931,32.1212121212,60.4444444444,42.9032258065,56.4827586207,37.7419354839,62.1612903226,37.1612903226,108.875,93.3333333333,126.7391304348
2017-01-22,47,2320,112.5,60.3448275862,44.6896551724,79.1034482759,40.9655172414,32.7272727273,58.0740740741,36.1612903226,47.5172413793,31.4516129032,64.8064516129,42.9677419355,106.0833333333,90.6666666667,124.4347826087
2017-01-29,52,2440,58.5,61.2068965517,45.5172413793,86.7586206897,40.2068965517,35.1515151515,58.0740740741,33.7096774194,49.3103448276,30.4838709677,58.1935483871,34.2580645161,111.6666666667,90.6666666667,131.347826087
2017-02-05,49,2200,37.125,52.5862068966,39.724137931,71.4482758621,36.4137931034,32.1212121212,61.6296296296,31.8709677419,44.8275862069,25.6451612903,56.8709677419,27.2903225806,94.9166666667,88,119.8260869565
2017-02-12,41,2160,34.875,51.724137931,39.724137931,63.7931034483,32.6206896552,25.4545454545,52.1481481481,26.9677419355,43.9310344828,25.1612903226,51.5806451613,26.1290322581,106.0833333333,80,115.2173913043
2017-02-19,42,2160,36,47.4137931034,37.2413793103,62.5172413793,33.3793103448,27.8787878788,48.5925925926,25.7419354839,39.4482758621,23.7096774194,51.5806451613,24.3870967742,100.5,77.3333333333,124.4347826087
2017-02-26,40,2240,37.125,47.4137931034,41.3793103448,67.6206896552,34.1379310345,27.2727272727,48.5925925926,26.9677419355,37.6551724138,23.2258064516,50.2580645161,22.064516129,80.9583333333,69.3333333333,115.2173913043
2017-03-05,40,2120,33.75,44.8275862069,36.4137931034,59.9655172414,34.8965517241,26.6666666667,47.4074074074,26.3548387097,39.4482758621,22.7419354839,54.2258064516,22.6451612903,80.9583333333,72,110.6086956522
2017-03-12,41,2000,36,46.5517241379,38.0689655172,62.5172413793,35.6551724138,27.2727272727,52.1481481481,25.1290322581,38.5517241379,21.7741935484,48.935483871,22.6451612903,75.375,64,99.0869565217
2017-03-19,40,1960,36,47.4137931034,40.5517241379,63.7931034483,37.1724137931,25.4545454545,50.962962963,26.3548387097,42.1379310345,22.7419354839,51.5806451613,22.6451612903,80.9583333333,74.6666666667,110.6086956522
2017-03-26,36,1920,33.75,45.6896551724,39.724137931,58.6896551724,34.8965517241,23.0303030303,48.5925925926,25.7419354839,36.7586206897,24.1935483871,50.2580645161,21.4838709677,72.5833333333,69.3333333333,103.6956521739
2017-04-02,34,1840,31.5,43.1034482759,36.4137931034,54.8620689655,31.1034482759,23.6363636364,40.2962962963,23.9032258065,34.9655172414,23.2258064516,42.3225806452,18.5806451613,64.2083333333,61.3333333333,103.6956521739
2017-04-09,39,2000,36,46.5517241379,43.8620689655,61.2413793103,35.6551724138,26.0606060606,49.7777777778,26.3548387097,36.7586206897,23.7096774194,47.6129032258,20.9032258065,75.375,69.3333333333,117.5217391304
2017-04-16,35,1840,33.75,45.6896551724,38.8965517241,62.5172413793,35.6551724138,24.8484848485,49.7777777778,25.1290322581,34.9655172414,24.1935483871,47.6129032258,22.064516129,72.5833333333,66.6666666667,101.3913043478
2017-04-23,33,1760,30.375,42.2413793103,36.4137931034,58.6896551724,31.1034482759,23.0303030303,46.2222222222,24.5161290323,36.7586206897,21.7741935484,44.9677419355,20.3225806452,67,61.3333333333,94.4782608696
2017-04-30,38,1880,32.625,44.8275862069,37.2413793103,59.9655172414,31.1034482759,24.2424242424,48.5925925926,27.5806451613,38.5517241379,24.6774193548,46.2903225806,20.9032258065,78.1666666667,69.3333333333,117.5217391304
2017-05-07,35,1760,29.25,41.3793103448,34.7586206897,56.1379310345,31.1034482759,23.0303030303,42.6666666667,25.1290322581,32.275862069,21.7741935484,41,19.1612903226,61.4166666667,58.6666666667,92.1739130435
2017-05-14,29,1680,29.25,38.7931034483,33.1034482759,51.0344827586,28.0689655172,22.4242424242,41.4814814815,22.6774193548,32.275862069,20.8064516129,38.3548387097,19.1612903226,67,53.3333333333,82.9565217391
2017-05-21,31,1720,32.625,43.9655172414,39.724137931,57.4137931034,33.3793103448,24.2424242424,40.2962962963,23.2903225806,32.275862069,20.8064516129,38.3548387097,19.7419354839,64.2083333333,56,87.5652173913
2017-05-28,42,1880,36,45.6896551724,41.3793103448,59.9655172414,35.6551724138,26.0606060606,53.3333333333,26.9677419355,38.5517241379,25.1612903226,52.9032258065,22.6451612903,80.9583333333,74.6666666667,101.3913043478
2017-06-04,44,1920,40.5,47.4137931034,43.8620689655,61.2413793103,42.4827586207,27.8787878788,55.7037037037,27.5806451613,46.6206896552,27.5806451613,56.8709677419,24.9677419355,80.9583333333,80,108.3043478261
2017-06-11,37,1840,37.125,46.5517241379,41.3793103448,57.4137931034,35.6551724138,26.6666666667,50.962962963,26.9677419355,43.0344827586,27.0967741935,51.5806451613,26.7096774194,80.9583333333,77.3333333333,103.6956521739
2017-06-18,41,1920,38.25,47.4137931034,42.2068965517,62.5172413793,38.6896551724,29.696969697,49.7777777778,27.5806451613,43.9310344828,23.7096774194,50.2580645161,23.8064516129,80.9583333333,74.6666666667,99.0869565217
2017-06-25,59,3280,61.875,78.4482758621,52.9655172414,81.6551724138,47.0344827586,33.3333333333,64,33.7096774194,53.7931034483,30,68.7741935484,25.5483870968,100.5,93.3333333333,126.7391304348
